Estado,Ano,CO2_bruto,Populacao,Frota_total,Rebanho_total,IDHM,Internacoes_Respiratorias,Area_Desmatada km2
PA,2003,608576583.8282247,6574993,3714773.0,36109671.0,,12161,208772.6
MT,2003,855284253.3758879,2651335,5051205.0,51078551.0,,3991,289850.1
MA,2003,164667249.64629912,5873655,2685546.0,22563169.0,,5548,119466.1
MG,2003,167301742.40370828,18553312,37590759.0,134546657.0,,22818,306635.1
SP,2003,146800254.33689168,38709320,123377575.0,212942864.0,,49982,193609.0
BA,2003,84748306.33352494,13435612,10273595.0,62850467.0,,36170,215389.0
RO,2003,292689689.09121555,1455907,2241019.0,18138494.0,,1453,72255.6
AM,2003,77110985.25675566,3031068,2349638.0,6646842.0,,1799,29282.6
GO,2003,93237001.04593548,5306459,11757418.0,66204007.0,,6404,190289.8
TO,2003,55738055.29021429,1230181,1390424.0,12701646.0,,2012,67344.9
RS,2003,111192948.73298568,10510992,29749860.0,170023016.0,,23379,142279.4
MS,2003,113028629.60283875,2169688,4987420.0,53279138.0,,3823,197286.3
PR,2003,79711635.08076134,9906866,28530829.0,178410579.0,,14654,144300.3
RJ,2003,45619612.05062234,14879118,28278703.0,13990708.0,,17141,27952.5
SC,2003,45063083.44237796,5607233,18039138.0,167587209.0,,7104,50262.8
PI,2003,16572944.191229677,2923725,2242304.0,18537521.0,,3221,29457.6
CE,2003,18344161.914715774,7758441,8003001.0,34353435.0,,10742,41353.0
AC,2003,54572496.37341327,600595,558600.0,3846365.0,,434,17508.9
ES,2003,23338018.199413463,3250219,6164461.0,20256386.0,,3476,32718.6
RR,2003,26744834.449736044,357302,511219.0,2101920.0,,188,7550.099999999999
PE,2003,15646603.026266938,8161862,8930821.0,36450868.0,,14891,42654.5
PB,2003,7642490.225419879,3518595,3118727.0,12327129.0,,5805,21623.9
RN,2003,7688761.341214719,2888058,3260259.0,9210001.0,,2316,15124.7
AL,2003,6401866.397181401,2917664,2104782.0,7970852.0,,3435,20181.9
SE,2003,6025673.68424151,1874613,2053914.0,6677965.0,,1834,15055.1
DF,2003,5159979.75129468,2189789,7103465.0,10974923.0,,3850,3187.2
AP,2003,3005753.5515127727,534835,408660.0,294461.0,,391,2296.3
PA,2004,653297314.7413914,6850181,4225315.0,35469867.0,,11642,218095.8
MT,2004,762821853.360859,2742646,5738961.0,52370980.0,,4237,306007.7
MA,2004,133753348.13305517,6021504,3047461.0,22912323.0,,5239,123261.9
MG,2004,170381652.50843292,18993720,40308696.0,135900985.0,,24166,312884.2
SP,2004,146021891.99440938,39825226,130897416.0,216577945.0,,51586,194004.1
BA,2004,104088325.01396386,13682074,11352048.0,65443582.0,,30814,223093.9
RO,2004,242541760.3535624,1562085,2536287.0,19089445.0,,1494,76093.8
AM,2004,66312347.85298964,3138726,2614051.0,7106197.0,,2086,30401.1
GO,2004,97447994.23550408,5508245,12888619.0,69133565.0,,6358,196527.8
TO,2004,61917440.66253219,1262644,1668299.0,13028073.0,,2377,70546.8
RS,2004,107589636.7525062,10726063,31982026.0,171329588.0,,22597,145673.2
MS,2004,101031387.39866675,2227794,5534458.0,53096619.0,,3921,200315.6
PR,2004,71829999.92332953,10135388,31244578.0,194689704.0,,14569,144914.1
RJ,2004,46166640.43136058,15203750,29813971.0,17767467.0,,17260,27985.8
SC,2004,43680233.66178747,5774178,19824964.0,168427003.0,,6728,50739.9
PI,2004,29382988.269366115,2974698,2547963.0,18847446.0,,2903,31875.4
CE,2004,20122183.02909877,7976563,8685666.0,34908470.0,,10226,44092.7
AC,2004,40282813.86555734,630328,629139.0,3950262.0,,365,18290.7
ES,2004,19084663.88716426,3352024,6705316.0,19518781.0,,3278,32988.7
RR,2004,24162160.017892003,381896,572475.0,2248910.0,,156,7860.7
PE,2004,16542134.67837483,8323911,9594874.0,33949467.0,,14128,44044.8
PB,2004,8500014.339999562,3568350,3403944.0,12688164.0,,5413,22621.0
RN,2004,8891416.935815625,2962107,3587917.0,9853027.0,,2289,16078.3
AL,2004,6286507.056859797,2980910,2302295.0,7429059.0,,3758,20664.0
SE,2004,6141980.421704538,1934596,2242870.0,7206049.0,,2071,15439.5
DF,2004,5475240.438554969,2282049,7628098.0,11701376.0,,4653,3269.6
AP,2004,3607639.937653594,547400,467502.0,307149.0,,329,2397.8
PA,2005,523687283.1517514,6970586,5666840.0,36511627.0,,10744,226422.1
MT,2005,589493006.6995733,2803274,7728231.0,55007894.0,,4100,316847.1
MA,2005,131997429.68565242,6103327,4090629.0,23582228.0,,5720,126313.3
MG,2005,172947359.73980796,19237450,51447406.0,137836785.0,,25328,316928.9
SP,2005,145157570.72385743,40442795,165339470.0,230660840.0,,53114,194443.8
BA,2005,93857893.34964857,13815334,14820210.0,67259284.0,,23323,228296.9
RO,2005,231991686.2037705,1534594,3384914.0,17765247.0,,1194,79705.6
AM,2005,73270193.26245187,3232330,3253140.0,7987794.0,,2469,31261.4
GO,2005,87316640.39609797,5619917,16692211.0,70864872.0,,6558,199024.8
TO,2005,56947947.248624496,1305728,2299115.0,13255923.0,,2189,73400.2
RS,2005,95650214.01356956,10845087,40550452.0,168762951.0,,22705,148064.4
MS,2005,90999457.24720035,2264468,7107701.0,53023333.0,,3805,202508.80000000002
PR,2005,68644087.9694134,10261856,40352291.0,207782139.0,,13906,145631.4
RJ,2005,50018314.39492731,15383407,37359849.0,17311838.0,,16160,28047.5
SC,2005,42841603.23409397,5866568,25801745.0,180653621.0,,7326,51456.7
PI,2005,23279707.61732841,3006885,3360430.0,18938153.0,,2841,33758.9
CE,2005,26390888.06591555,8097276,11148332.0,35305478.0,,11053,46007.5
AC,2005,40444407.87108589,669736,835021.0,4140812.0,,498,19005.6
ES,2005,18568918.93998621,3408365,8687807.0,24459573.0,,3456,33093.8
RR,2005,24035493.494614244,391317,743693.0,2401310.0,,177,7987.400000000001
PE,2005,17408452.040077873,8413593,12242604.0,36860847.0,,14996,45237.2
PB,2005,8248333.271842221,3595886,4381975.0,12735400.0,,5557,23646.4
RN,2005,8868473.38929151,3003087,4683156.0,9577775.0,,2127,16776.2
AL,2005,6369346.406209422,3015912,2969379.0,7898213.0,,3994,21270.0
SE,2005,6548271.887909802,1967791,2878061.0,7831839.0,,2015,16070.2
DF,2005,5428789.737660328,2333108,9643373.0,17739939.0,,4086,3297.1
AP,2005,3067738.9136022897,594587,883893.0,372891.0,,258,2458.0
PA,2006,500050764.85917467,7110465,6315255.0,35264536.0,,11073,231644.4
MT,2006,364946741.0739909,2856999,8441850.0,56737284.0,,4194,322032.7
MA,2006,129652575.89574766,6184538,4658579.0,23910599.0,,5547,129120.7
MG,2006,169466448.81133482,19479356,55351235.0,139413845.0,,27154,320973.6
SP,2006,144171923.48076034,41055734,176407546.0,238682453.0,,54516,194883.5
BA,2006,88719774.75486091,13950146,16340595.0,63030778.0,,16433,233499.9
RO,2006,158943481.1861388,1562417,3751405.0,17666728.0,,1071,81046.5
AM,2006,70984030.62883371,3311026,3916250.0,8624655.0,,3439,31977.6
GO,2006,79876666.66367868,5730753,18130953.0,73758750.0,,6451,201521.8
TO,2006,52503125.28671882,1332441,2749153.0,13472555.0,,2003,76056.8
RS,2006,95662750.77312468,10963219,42821334.0,172328055.0,,23373,150455.6
MS,2006,85784389.3417899,2297981,7679830.0,52261871.0,,4250,204702.0
PR,2006,68493432.40967335,10387378,43405117.0,218127909.0,,14606,146348.7
RJ,2006,49224171.55069079,15561720,39312308.0,16630399.0,,15522,28109.2
SC,2006,45541852.74427284,5958266,28110018.0,177574591.0,,7000,52173.5
PI,2006,17550320.46911688,3036290,3782012.0,19156962.0,,2686,35642.4
CE,2006,23603929.845816977,8217085,12141552.0,36215820.0,,11513,47922.3
AC,2006,31526472.967413463,686652,934460.0,4449260.0,,390,19236.9
ES,2006,19701738.844961293,3464285,9496143.0,25302836.0,,3527,33198.9
RR,2006,20780790.58303016,403344,818329.0,2405580.0,,195,8200.8
PE,2006,18111170.214767866,8502603,13206671.0,37619389.0,,14009,46429.6
PB,2006,8596459.182632335,3623215,4804085.0,12990670.0,,4929,24671.8
RN,2006,9006523.750882152,3043760,5184661.0,9606112.0,,2186,17474.1
AL,2006,6482842.839555724,3050652,3230986.0,7754888.0,,3915,21876.0
SE,2006,6792736.869265614,2000738,3106180.0,8375757.0,,1852,16700.9
DF,2006,5381673.187549988,2383784,10309209.0,12949026.0,,3995,3324.6
AP,2006,3161695.913556805,615715,736150.0,421007.0,,268,2506.1
PA,2007,425265223.96253306,,7135601.0,33256114.0,,12462,237293.7
MT,2007,272362867.65698934,,9261104.0,61222700.0,,4344,326452.4
MA,2007,134014497.03667632,,5380375.0,23500835.0,,5863,132388.9
MG,2007,171395024.75335884,,60378910.0,145497811.0,,26782,324363.4
SP,2007,151309190.18845114,,190093963.0,265427300.0,,56862,195007.0
BA,2007,86318363.79549345,,18138920.0,59319096.0,,17495,238172.3
RO,2007,127546365.28189331,,4195648.0,18309082.0,,1259,82636.8
AM,2007,52489278.50882132,,4353150.0,7191913.0,,4205,32514.6
GO,2007,77582912.2489461,,20006268.0,76622048.0,,6748,203048.6
TO,2007,44219433.26622662,,3224646.0,13450576.0,,2276,77928.0
RS,2007,89338642.88112152,,45455240.0,177391356.0,,24347,152405.5
MS,2007,73673589.48534924,,8371197.0,51080232.0,,3536,205875.1
PR,2007,70118154.69344608,,46904725.0,255388805.0,,14777,146660.1
RJ,2007,56921705.20025947,,41795779.0,15845631.0,,17276,28135.1
SC,2007,43056731.72660041,,30645089.0,204085738.0,,7232,52622.5
PI,2007,17911143.279982917,,4276836.0,18315132.0,,3050,37041.7
CE,2007,23443747.448856004,,13474707.0,38814427.0,,11619,49432.1
AC,2007,25845620.818597216,,1069649.0,4674602.0,,410,19399.5
ES,2007,25808194.88066482,,10572656.0,27053589.0,,3700,33315.0
RR,2007,22294295.589803744,,939830.0,2090275.0,,188,8463.5
PE,2007,19176714.496372573,,14447118.0,47075531.0,,15965,47372.2
PB,2007,9357093.529149028,,5388664.0,13153530.0,,4457,25114.1
RN,2007,8470614.237430386,,5850153.0,8970399.0,,2074,17904.6
AL,2007,7781294.539184935,,3547128.0,8952354.0,,4229,22052.4
SE,2007,7464643.30450817,,3403950.0,9272506.0,,2016,16878.2
DF,2007,5678007.831345214,,11224644.0,14583475.0,,3858,3335.2
AP,2007,3321903.4603593806,,849569.0,439154.0,,231,2598.7
PA,2008,431587721.2577786,7321490,8253755.0,34117231.0,,73182,242992.3
MT,2008,292040983.0819918,2957735,10544366.0,73909487.0,,26893,331679.9
MA,2008,130671315.73492138,6305537,6284352.0,23307587.0,,38752,136076.0
MG,2008,171194933.69144025,19850060,66914359.0,145841566.0,,145087,327753.2
SP,2008,151665278.12369463,41011638,206874876.0,287472512.0,,232173,195130.5
BA,2008,101273333.977338,14502563,20434880.0,61499856.0,,124533,242844.7
RO,2008,94422489.64925754,1493565,4801198.0,17997955.0,,10751,83717.6
AM,2008,45357162.5611882,3341094,4875928.0,7858253.0,,16647,33126.8
GO,2008,78300066.89494482,5844995,22566152.0,80582280.0,,58640,204575.4
TO,2008,46772189.75061848,1280513,3610860.0,13420426.0,,12468,79813.6
RS,2008,101557048.33463594,10855228,48783972.0,185031158.0,,112177,154355.4
MS,2008,74458628.58423772,2336060,9253502.0,51135804.0,,20507,207048.2
PR,2008,71901554.12189144,10590171,51322538.0,277549467.0,,119086,146971.5
RJ,2008,66325263.760129206,15872362,45066248.0,17449529.0,,75890,28161.0
SC,2008,43789335.82112098,6052587,33546836.0,208673946.0,,52511,53071.5
PI,2008,20473264.550461,3111881,4889826.0,18634252.0,,30329,38441.0
CE,2008,22783884.029310595,8450528,15073802.0,39352716.0,,58152,50941.9
AC,2008,26276979.38679711,680075,1241807.0,5041479.0,,4548,19688.4
ES,2008,23818104.46855134,3453646,11950871.0,28712847.0,,20771,33431.1
RR,2008,26264429.885607146,412783,1092571.0,2029646.0,,2303,9128.6
PE,2008,18175465.548954647,8734196,16030087.0,53216221.0,,47467,48314.8
PB,2008,9460963.771904051,3742604,6143980.0,13167020.0,,35039,25556.4
RN,2008,9305327.830571365,3106436,6661546.0,8859658.0,,17588,18335.1
AL,2008,6744390.368901899,3127560,3933521.0,8916447.0,,23115,22228.8
SE,2008,7899211.039540034,1999374,3771993.0,9463154.0,,7187,17055.5
DF,2008,5740211.439793736,2557159,12265663.0,13549492.0,,17965,3345.8
AP,2008,4026452.140438001,613166,977179.0,402421.0,,2945,2698.6
PA,2009,305178123.4579136,7431020,9516236.0,34636274.0,,85702,246603.9
MT,2009,175141873.90271524,3001692,11959215.0,85565944.0,,30404,333599.7
MA,2009,96849035.43370128,6367138,7373617.0,23054556.0,,51545,138264.8
MG,2009,159978380.21823394,20033665,73402785.0,150364470.0,,147639,329609.2
SP,2009,146712177.29026815,41384039,222405719.0,285331176.0,,261648,195285.9
BA,2009,95992646.53422396,14637364,23088054.0,61095205.0,,138075,245185.3
RO,2009,62404191.41337457,1503928,5533016.0,17213048.0,,14799,84147.4
AM,2009,46849313.77712411,3393369,5410683.0,7980995.0,,17309,33470.7
GO,2009,78059133.36780606,5926300,25134306.0,87848659.0,,63190,206055.8
TO,2009,44483069.85807884,1292051,4024217.0,13627920.0,,13361,81670.4
RS,2009,98247902.42423908,10914128,52292674.0,186209509.0,,120183,155622.4
MS,2009,70513222.59969905,2360498,10145809.0,52813914.0,,23256,208045.9
PR,2009,67781709.7037526,10686247,55491866.0,292535362.0,,134420,147210.4
RJ,2009,65176239.193411246,16010429,48288213.0,17434848.0,,78547,28190.3
SC,2009,43703015.7527196,6118743,36340040.0,208550870.0,,59749,53431.0
PI,2009,16335663.88148166,3145325,5626502.0,17242054.0,,37431,40020.7
CE,2009,21396443.2647872,8547809,16899274.0,39592248.0,,64085,52041.1
AC,2009,26394153.086990736,691132,1446593.0,5261148.0,,5305,19850.1
ES,2009,24712771.79364225,3487199,13304750.0,34415696.0,,22321,33455.9
RR,2009,14010001.275786247,421499,1241100.0,2031385.0,,3116,9240.0
PE,2009,19009407.91223692,8810256,17842212.0,51234705.0,,50012,48828.2
PB,2009,8764581.50377765,3769977,6951987.0,14892765.0,,38460,25857.8
RN,2009,8700155.179411214,3137541,7435120.0,8923363.0,,21917,18646.1
AL,2009,6971497.232141186,3156108,4401370.0,9232180.0,,23766,22344.7
SE,2009,8261133.07079803,2019679,4250596.0,9786902.0,,7000,17158.7
DF,2009,5914045.16268586,2606885,13309929.0,9117190.0,,18255,3358.2
AP,2009,4304161.721305871,626609,1124127.0,411567.0,,3458,2745.9
PA,2010,263816142.73005325,,10892585.0,34788316.0,0.646,81401,249971.6
MT,2010,173071532.86796302,,13361781.0,82110045.0,0.725,26427,335456.7
MA,2010,87310974.86020853,,8769105.0,20946254.0,0.639,56432,140243.6
MG,2010,165559211.94286287,,80339057.0,148545690.0,0.731,141041,331465.2
SP,2010,154845952.01316452,,238467860.0,285474468.0,0.783,255172,195441.3
BA,2010,87120287.10990629,,26134689.0,63868470.0,0.66,129998,247525.9
RO,2010,59959920.16720119,,6327051.0,17885034.0,0.69,14390,84579.3
AM,2010,58537702.16566311,,6035552.0,8506877.0,0.674,18447,34016.1
GO,2010,81279872.28531551,,27748929.0,90042574.0,0.735,56646,207536.2
TO,2010,44872110.80833943,,4491251.0,14188235.0,0.699,12737,83532.4
RS,2010,102330150.26340386,,55847991.0,194208690.0,0.746,116162,156889.4
MS,2010,72152909.70690279,,11125400.0,53226165.0,0.729,22913,209043.6
PR,2010,70173142.04232864,,59698070.0,305245495.0,0.749,130368,147449.3
RJ,2010,68560666.77161631,,51968200.0,18292845.0,0.761,78036,28219.6
SC,2010,45299731.91412495,,39379875.0,203471991.0,0.774,54385,53790.5
PI,2010,26685965.376082063,,6514087.0,17273467.0,0.646,33335,41600.4
CE,2010,24943942.973534588,,19217611.0,40672888.0,0.682,49775,53140.3
AC,2010,28110621.14654153,,1689601.0,5360763.0,0.663,4434,20115.6
ES,2010,28639714.048798405,,14561870.0,35729468.0,0.74,20786,33480.7
RR,2010,11866202.54833084,,1413199.0,2148380.0,0.707,3171,9474.9
PE,2010,21843239.726693757,,20079726.0,50646525.0,0.673,46085,49341.6
PB,2010,10141541.272459462,,7880606.0,15381675.0,0.658,34049,26159.2
RN,2010,11055310.98842889,,8303408.0,9030922.0,0.684,17014,18957.1
AL,2010,8453119.611956337,,4964172.0,8442591.0,0.631,22029,22460.6
SE,2010,8355486.36792736,,4822901.0,10146939.0,0.665,7436,17261.9
DF,2010,6631357.774559229,,14393957.0,8477931.0,0.824,16989,3370.6
AP,2010,3705752.691345386,,1289569.0,443164.0,0.708,2847,2818.0
PA,2011,229223085.0652584,7688593,12478787.0,36093762.0,,80196,252479.19999999998
MT,2011,222939529.4797767,3075936,14888155.0,89089273.0,,24392,337543.3
MA,2011,93907076.02882189,6645761,10493714.0,21663237.0,,63782,141856.9
MG,2011,167071156.936903,19728701,88205587.0,168873331.0,,137433,333320.6
SP,2011,163417563.05986983,41587182,255571582.0,288378291.0,,254736,195504.7
BA,2011,90169363.84153607,14097534,29488270.0,61699654.0,,122777,250832.1
RO,2011,95128694.02799124,1576455,7189980.0,17150035.0,,13953,85341.7
AM,2011,43011745.61974986,3538387,6736727.0,9226679.0,,17738,34523.4
GO,2011,79777209.72844885,6080716,30731663.0,97255121.0,,52097,208529.1
TO,2011,44885461.37868205,1400892,4999334.0,14209026.0,,13427,85291.8
RS,2011,106703069.22961736,10733030,59786286.0,195026498.0,,108657,158907.7
MS,2011,68103567.6110279,2477542,12240580.0,52262512.0,,21322,209784.7
PR,2011,70932934.68784693,10512349,64418118.0,302466364.0,,118918,147660.3
RJ,2011,70079669.60891986,16112678,56096447.0,17936284.0,,69231,28234.3
SC,2011,42435981.40078057,6317054,42614592.0,206506980.0,,56330,53973.9
PI,2011,18797688.566743143,3140328,7532482.0,17264051.0,,34659,42712.6
CE,2011,24046808.8252807,8530155,21956368.0,41459566.0,,55196,54064.0
AC,2011,23278814.49024828,746386,1935721.0,5344276.0,,5023,20411.2
ES,2011,30951856.904069908,3547055,15795496.0,37700624.0,,22592,33507.7
RR,2011,10590644.788025886,460165,1587823.0,1996497.0,,2743,9604.4
PE,2011,23349092.976685576,8864906,22682073.0,49181420.0,,49060,49944.8
PB,2011,10349492.186004523,3791315,8991399.0,15947364.0,,29865,26471.2
RN,2011,10531459.856252462,3198657,9246733.0,9439335.0,,17123,19245.0
AL,2011,8810549.072193861,3143384,5614354.0,8589443.0,,21424,22530.1
SE,2011,8574203.066505512,2089819,5459496.0,10529937.0,,6236,17376.1
DF,2011,7215068.936636336,2609998,15547278.0,10181090.0,,17016,3377.1
AP,2011,3637065.5858020745,684309,1483119.0,491634.0,,4051,2834.4
PA,2012,238745127.42903483,7777543,14271575.0,36026477.0,0.666,72604,254177.1
MT,2012,197600019.3659989,3115336,16426253.0,89517084.0,0.742,21800,339371.8
MA,2012,115968724.44143006,6714314,12187761.0,21810830.0,0.648,52569,143410.7
MG,2012,174059290.63480556,19855332,95945344.0,168579220.0,0.75,137574,335354.9
SP,2012,166395446.93805563,41901219,272246782.0,279039379.0,0.812,240655,195563.8
BA,2012,99337308.46209756,14175341,32846528.0,59472421.0,0.678,109039,253797.3
RO,2012,81125660.2162324,1590011,8030738.0,17254903.0,0.694,11922,86033.1
AM,2012,44351366.50718324,3590985,7408794.0,8900416.0,0.691,17883,34994.3
GO,2012,84951469.09240024,6154996,33696160.0,95535057.0,0.744,47205,209523.0
TO,2012,55314213.58701597,1417694,5527814.0,14000136.0,0.71,10730,87050.6
RS,2012,105963730.15804654,10768025,64049473.0,194983796.0,0.763,106216,160256.8
MS,2012,69903183.30886544,2500365,13344693.0,52032343.0,0.733,19282,210447.1
PR,2012,73442340.3351431,10577755,69161204.0,300298515.0,0.772,113720,147806.6
RJ,2012,75962864.1671865,16231365,60448827.0,16033665.0,0.762,64205,28263.6
SC,2012,45268204.471527554,6362734,45801180.0,197673574.0,0.792,56126,54100.5
PI,2012,37056500.08943464,3160748,8627049.0,16846091.0,0.66,27947,43960.1
CE,2012,24666791.09755858,8606005,24675708.0,42373636.0,0.701,42645,54957.5
AC,2012,22605305.48905868,758786,2159652.0,5425832.0,0.701,4697,20681.7
ES,2012,31692487.971824244,3578067,17116775.0,38095725.0,0.758,24185,33532.1
RR,2012,13033552.531398872,469524,1751751.0,1885463.0,0.738,3185,9711.9
PE,2012,23089137.40792061,8931028,25268596.0,46108791.0,0.688,45278,50402.5
PB,2012,9996425.399741098,3815171,10091456.0,16032952.0,0.673,25544,26700.9
RN,2012,10706009.113171808,3228198,10195151.0,8777195.0,0.695,14383,19403.6
AL,2012,8488083.270067455,3165472,6333495.0,9459022.0,0.651,17596,22636.4
SE,2012,8633295.934783503,2110867,6077628.0,10519251.0,0.684,6467,17511.1
DF,2012,7609741.601389112,2648532,16569380.0,9860789.0,0.825,17725,3383.6
AP,2012,4228806.597067775,698602,1635002.0,529625.0,0.707,4184,2854.0
PA,2013,275266825.3962799,7969654,16222415.0,36948397.0,0.671,71922,256445.0
MT,2013,250575952.35877663,3182113,18012232.0,80182598.0,0.758,22783,342434.0
MA,2013,118902883.20531072,6794301,13841510.0,21270035.0,0.661,55289,145273.5
MG,2013,181230094.36433417,20593356,103329739.0,173103859.0,0.758,134191,337971.1
SP,2013,170761369.94708097,43663669,287661049.0,285833732.0,0.818,248251,195635.9
BA,2013,102996272.34521157,15044137,36335629.0,58344248.0,0.68,100738,256529.0
RO,2013,89779575.47411989,1728214,8777725.0,17500473.0,0.687,14035,87002.3
AM,2013,54903569.85234918,3807921,8078126.0,8615960.0,0.702,17562,35475.6
GO,2013,86265927.22177176,6434048,36662439.0,95392776.0,0.752,48026,211058.3
TO,2013,65699347.19761991,1478164,6070761.0,17004178.0,0.719,11532,89948.9
RS,2013,117516467.80093548,11164043,68447673.0,190955483.0,0.773,110141,161605.9
MS,2013,72904933.43630342,2587269,14484077.0,50889211.0,0.743,21275,211237.9
PR,2013,77219731.45101744,10997465,73935274.0,317459915.0,0.782,110183,147954.5
RJ,2013,79649221.59707199,16369179,64807803.0,16218046.0,0.768,57074,28292.9
SC,2013,49588122.29060644,6634254,48887988.0,183390915.0,0.801,54398,54227.1
PI,2013,28918363.14220388,3184166,9719207.0,16780346.0,0.679,30877,46184.4
CE,2013,28734313.952089146,8778576,27320538.0,44583159.0,0.705,47163,55851.0
AC,2013,26905714.99219597,776463,2371288.0,5590361.0,0.706,5240,20881.9
ES,2013,34305865.823283754,3839366,18434802.0,38255480.0,0.765,21818,33556.5
RR,2013,22774398.41118604,488072,1909648.0,1868392.0,0.738,3042,9860.4
PE,2013,22837801.57704516,9208550,27685433.0,45925084.0,0.703,46456,50860.2
PB,2013,10651626.68825138,3914421,11065361.0,16015065.0,0.67,25150,26930.6
RN,2013,12236395.555744931,3373959,11157138.0,8554395.0,0.71,14883,19562.2
AL,2013,8493127.961314432,3300935,7042599.0,10560842.0,0.648,15855,22742.7
SE,2013,9061731.86584359,2195662,6651656.0,11320373.0,0.683,6718,17646.1
DF,2013,7882763.199581262,2789761,17648966.0,11564415.0,0.837,17353,3394.8
AP,2013,3950591.6286485847,734996,1768632.0,558413.0,0.734,4482,2878.4
PA,2014,260838678.34529525,8073924,18129405.0,44332011.0,0.684,63870,258429.9
MT,2014,225923582.3984453,3224357,19622529.0,88814442.0,0.762,21842,344656.7
MA,2014,98316208.93006957,6850884,15430556.0,21203654.0,0.663,51950,147300.3
MG,2014,175856321.90967992,20734097,110077865.0,178771487.0,0.77,132311,340487.4
SP,2014,166613131.54719907,44035304,302290657.0,279775593.0,0.825,235154,195733.3
BA,2014,92494813.28910124,15126371,39616590.0,61362149.0,0.694,97687,258962.1
RO,2014,91158231.3191302,1748531,9474937.0,17758871.0,0.692,15241,87780.5
AM,2014,55550696.04578637,3873743,8747117.0,8833580.0,0.706,16182,36027.9
GO,2014,87231517.3258291,6523222,39437841.0,98799258.0,0.757,44033,212263.7
TO,2014,59116179.48717386,1496880,6606191.0,20025244.0,0.737,10398,92232.4
RS,2014,104737940.41344775,11207274,72721690.0,193157498.0,0.779,103437,164081.0
MS,2014,72975237.07497579,2619657,15578150.0,51837694.0,0.745,19959,211759.5
PR,2014,77584027.0159317,11081692,78492777.0,344400020.0,0.788,102447,148127.7
RJ,2014,76486174.51845911,16461173,69046770.0,21331157.0,0.78,54994,28312.3
SC,2014,48687922.56435053,6727148,51915985.0,194936176.0,0.807,52850,54451.8
PI,2014,27795271.81987557,3194718,10856680.0,16989518.0,0.686,29330,47825.4
CE,2014,33414192.52724788,8842791,29900750.0,44702453.0,0.71,47711,56679.6
AC,2014,28995881.645117607,790101,2577010.0,6061639.0,0.715,4974,21230.5
ES,2014,34523346.73197899,3885049,19638074.0,46608283.0,0.772,21691,33586.2
RR,2014,26245525.65459474,496936,2067830.0,1667254.0,0.744,3040,10049.4
PE,2014,24992778.020428643,9277727,29881858.0,51238695.0,0.715,45016,51341.0
PB,2014,12680618.607145932,3943885,12007201.0,15886349.0,0.69,23688,27243.6
RN,2014,13427552.798110023,3408510,12087750.0,9575260.0,0.723,12171,19774.0
AL,2014,8598414.246894466,3321730,7731372.0,10852613.0,0.666,13292,22817.7
SE,2014,8882888.355474858,2219574,7206662.0,11612133.0,0.696,5899,17713.9
DF,2014,8636682.22406498,2852372,18639748.0,12150441.0,0.836,14711,3415.2
AP,2014,4523349.356828888,750912,1910064.0,597683.0,0.725,4057,2907.4
PA,2015,297073765.34908694,8175113,19918070.0,51290569.0,0.689,55944,260734.6
MT,2015,248465171.09833968,3265486,21021478.0,94452749.0,0.77,20010,347927.5
MA,2015,106302230.84583925,6904241,16913086.0,21625446.0,0.669,52691,149090.1
MG,2015,172766415.25856912,20869101,116007758.0,178067712.0,0.774,127993,342006.8
SP,2015,158430567.48936328,44396484,314617483.0,264355103.0,0.823,232426,195767.6
BA,2015,85433893.24772629,15203334,42524011.0,68397341.0,0.701,98395,261161.3
RO,2015,118043561.57468162,1768204,10131072.0,19634746.0,0.706,13867,88741.0
AM,2015,78728484.64498511,3938336,9346015.0,9049864.0,0.711,15487,36715.9
GO,2015,87424880.85823096,6610681,41701258.0,101073918.0,0.755,43151,213500.3
TO,2015,63567866.07087045,1515126,7131109.0,22513417.0,0.73,8761,95325.9
RS,2015,104814774.60973594,11247972,76177230.0,180347566.0,0.787,102730,165169.4
MS,2015,72569047.3972728,2651235,16515614.0,52655088.0,0.74,18577,212754.7
PR,2015,79074017.45328651,11163018,82201112.0,366140583.0,0.786,97838,148276.1
RJ,2015,75986684.41587874,16550024,72789784.0,17742913.0,0.785,57428,28324.3
SC,2015,47601908.31132504,6819190,54481698.0,172684904.0,0.809,51728,54579.7
PI,2015,25138634.746207032,3204028,11870980.0,16990821.0,0.689,26237,48806.1
CE,2015,32122307.507984757,8904459,32314311.0,46092951.0,0.715,47923,57322.0
AC,2015,31383914.81297627,803513,2789887.0,6799366.0,0.718,3604,21453.4
ES,2015,35107749.258349165,3929911,20691790.0,49205050.0,0.776,23038,33612.1
RR,2015,31955252.397917543,505665,2226207.0,1770618.0,0.748,2619,10203.8
PE,2015,24400260.93254143,9345173,31726716.0,58792786.0,0.722,43619,51588.7
PB,2015,13317037.460555928,3972202,12912547.0,15733878.0,0.703,21665,27405.1
RN,2015,12086288.04698705,3442175,12953081.0,9908772.0,0.733,12988,19965.1
AL,2015,8561234.469237193,3340932,8364434.0,12237238.0,0.666,14164,22862.8
SE,2015,8857927.094288561,2242937,7731536.0,11741915.0,0.697,6552,17761.0
DF,2015,8834661.593876693,2914830,19481729.0,12394769.0,0.837,14642,3420.6
AP,2015,3958983.0880265646,766679,2044627.0,505400.0,0.728,3559,2926.5
PA,2016,358915895.15797746,8272724,21352241.0,52229686.0,0.687,50700,263786.6
MT,2016,212761358.19761655,3305531,22099490.0,107894429.0,0.769,20182,350789.7
MA,2016,106634722.13898696,6954036,18061407.0,21879370.0,0.68,38401,150503.2
MG,2016,164322115.77846748,20997560,120982067.0,173059721.0,0.776,122655,342825.3
SP,2016,149843632.97883388,44749699,324053099.0,262955914.0,0.835,237724,195794.4
BA,2016,84311342.00512448,15276566,44723812.0,68954930.0,0.705,80928,262929.1
RO,2016,131983987.03177556,1787279,10652490.0,18833796.0,0.715,12328,89978.8
AM,2016,109492504.75621742,4001667,9706901.0,8644048.0,0.711,14314,37719.6
GO,2016,83628724.38317564,6695855,43296183.0,106592113.0,0.764,36363,214173.6
TO,2016,56644452.48272732,1532902,7511203.0,25247342.0,0.734,6473,96978.9
RS,2016,100614960.80757476,11286500,78708656.0,178513439.0,0.789,104060,166257.8
MS,2016,71978140.07689397,2682386,17215353.0,52238335.0,0.758,20819,213482.8
PR,2016,76874054.93077153,11242720,84668884.0,374029834.0,0.797,100178,148422.8
RJ,2016,68378871.038811,16635996,75513592.0,15751113.0,0.789,52142,28336.3
SC,2016,47567964.55336247,6910553,56396575.0,169076993.0,0.814,55702,54707.6
PI,2016,17895174.748293377,3212180,12678363.0,17157335.0,0.685,23653,49974.4
CE,2016,30444532.881744392,8963663,34141140.0,46624853.0,0.722,42502,57964.4
AC,2016,27922279.35916194,816687,2954534.0,6895129.0,0.723,3633,21819.5
ES,2016,33881927.256078325,3973697,21421287.0,52808590.0,0.779,22164,33638.0
RR,2016,28755725.343996447,514229,2354924.0,1772845.0,0.752,3192,10432.2
PE,2016,23217020.294038106,9410336,33277631.0,54273689.0,0.724,41054,51836.4
PB,2016,13614014.420919346,3999415,13883864.0,14703528.0,0.704,20066,27566.6
RN,2016,10505100.942029351,3474998,13830048.0,9743394.0,0.732,11198,20156.2
AL,2016,8485819.979261182,3358963,8843629.0,11745672.0,0.68,13510,22907.9
SE,2016,8699014.708541946,2265779,8289548.0,10256633.0,0.697,6855,17808.1
DF,2016,8046813.88970858,2977216,20124901.0,17264813.0,0.847,13743,3423.2
AP,2016,7614345.034755352,782295,2129207.0,491215.0,0.733,3302,2938.9
PA,2017,296520277.6575735,8366628,22498299.0,52124434.0,0.694,57127,266359.4
MT,2017,220687740.62057945,3344544,23093127.0,104437364.0,0.77,19373,353393.4
MA,2017,95589321.1732568,7000229,19002398.0,24040100.0,0.685,48057,152162.3
MG,2017,156978851.40636256,21119536,125964836.0,176606948.0,0.784,125962,343576.8
SP,2017,153592900.7372422,45094866,333109283.0,271435104.0,0.831,234502,195858.0
BA,2017,78668624.15476108,15344447,46645048.0,69055000.0,0.71,83383,264529.8
RO,2017,125135806.47266088,1805788,11089401.0,21774192.0,0.721,13257,91257.2
AM,2017,80034579.95554182,4063614,9999589.0,8140794.0,0.728,15699,38728.9
GO,2017,84387238.98482083,6778772,44619369.0,116802354.0,0.765,37611,215038.7
TO,2017,53437796.96086264,1550194,7802429.0,20578341.0,0.74,7663,98713.1
RS,2017,100931956.5598594,11322895,81015746.0,202188695.0,0.793,96516,167497.0
MS,2017,71327805.95187014,2713147,17880712.0,54662483.0,0.762,19241,214238.5
PR,2017,75013085.56685519,11320892,86874824.0,403397138.0,0.797,97064,148555.8
RJ,2017,70969635.13435611,16718956,77578440.0,15476206.0,0.791,47606,28356.1
SC,2017,48066115.492165744,7001161,58292750.0,185642633.0,0.817,55224,54883.7
PI,2017,19746447.029965986,3219257,13368697.0,18509242.0,0.694,25596,50710.1
CE,2017,31808874.670014277,9020460,35624148.0,48719745.0,0.73,49430,58572.8
AC,2017,31309979.82577073,829619,3095740.0,6596247.0,0.712,2935,22065.1
ES,2017,33118402.770128854,4016356,22082349.0,58059621.0,0.78,22949,33647.7
RR,2017,22795787.98046401,522636,2470084.0,1828044.0,0.746,3559,10554.0
PE,2017,23040442.181939267,9473266,34340016.0,60031527.0,0.722,45886,52095.8
PB,2017,14300820.9117987,4025558,14554721.0,16091596.0,0.717,22055,27683.2
RN,2017,10879709.125991032,3507003,14542661.0,10231987.0,0.728,11665,20324.9
AL,2017,9074095.964912504,3375823,9288573.0,12214458.0,0.679,13980,22979.1
SE,2017,8213924.5872754995,2288116,8719257.0,9360287.0,0.699,7260,17898.100000000002
DF,2017,7857851.796545397,3039444,20721176.0,12323237.0,0.842,15375,3428.8
AP,2017,3732565.575697311,797722,2196709.0,501683.0,0.732,3473,2956.1
PA,2018,334548164.83325016,8513497,23607052.0,54836056.0,0.707,55169,269160.9
MT,2018,231969553.6890503,3441998,24293068.0,106495776.0,0.778,18807,356052.4
MA,2018,93019999.00200804,7035055,19929932.0,24819381.0,0.686,48239,153832.9
MG,2018,154615333.65854168,21040662,131374470.0,173278253.0,0.784,126278,344608.7
SP,2018,147823955.591096,45538936,343588280.0,274788948.0,0.837,233015,195904.4
BA,2018,86972207.11365575,14812617,48673324.0,69735677.0,0.71,83397,265968.5
RO,2018,114809319.10230362,1757589,11568702.0,21619791.0,0.73,13619,92480.7
AM,2018,75600432.03277722,4080611,10388477.0,8370141.0,0.718,16131,39780.6
GO,2018,83654647.90696114,6921161,46146116.0,130878948.0,0.771,33459,215783.4
TO,2018,54706052.220899045,1555229,8118663.0,19111202.0,0.749,6437,100304.8
RS,2018,98703890.4424839,11329605,83608477.0,206514623.0,0.797,92807,168577.4
MS,2018,69768939.59222779,2748023,18624135.0,55243765.0,0.77,19918,214816.2
PR,2018,73393502.34630615,11348937,89446971.0,427424461.0,0.805,98207,148704.0
RJ,2018,67854042.2443973,17159960,79644167.0,14694577.0,0.805,52357,28370.2
SC,2018,47316054.63275421,7075494,60611729.0,173165053.0,0.819,56500,55049.3
PI,2018,19508262.97408903,3264531,14033596.0,18940603.0,0.699,24519,51680.4
CE,2018,28991951.205059588,9075649,37057901.0,51733698.0,0.739,51774,59131.8
AC,2018,34754042.8644408,869265,3256347.0,7109591.0,0.733,3379,22492.0
ES,2018,31841472.74151465,3972388,22833305.0,61515732.0,0.788,22358,33663.2
RR,2018,25182531.155836973,576568,2582664.0,2171254.0,0.76,3821,10680.6
PE,2018,23355466.200479284,9496294,35527060.0,63897450.0,0.735,43121,52387.0
PB,2018,14683697.23479859,3996496,15210556.0,16185988.0,0.711,20950,27892.8
RN,2018,10427894.61501437,3479010,15195787.0,11160011.0,0.739,11928,20487.6
AL,2018,7998005.942357924,3322820,9748719.0,12021225.0,0.689,12996,23017.7
SE,2018,8440940.436811488,2278308,9087605.0,8392897.0,0.71,8251,17958.2
DF,2018,7155918.539988806,2974703,21407848.0,9600816.0,0.845,16235,3437.0
AP,2018,3271708.496476088,829494,2291561.0,504914.0,0.741,4140,2980.6
